2971,sdb: unknown partition table
2972,sdb:
2976,"SGI XFS with ACLs, security attributes, no debug enabled"
2977,XFS (sdb1): Mounting V4 Filesystem
2978,XFS (sdb1): Ending clean mount
3102,IPv6: ADDRCONF(NETDEV_UP): eno1: link is not ready
3108,"igb 0000:02:00.0 eno1: igb: eno1 NIC Link is Up 1000 Mbps Full Duplex, Flow Control: RX"
3109,IPv6: ADDRCONF(NETDEV_CHANGE): eno1: link becomes ready
3135,ib0: enabling connected mode will cause multicast packet drops
3136,ib0: mtu > 2044 will cause multicast packet drops.
3137,IPv6: ADDRCONF(NETDEV_UP): ib0: link is not ready
3138,IPv6: ADDRCONF(NETDEV_CHANGE): ib0: link becomes ready
3176,"ib0: can't use GFP_NOIO for QPs on device hfi1_0, using GFP_KERNEL"
3209,"ib0: can't use GFP_NOIO for QPs on device hfi1_0, using GFP_KERNEL"
3235,fuse init (API version 7.22)
3260,"ib0: can't use GFP_NOIO for QPs on device hfi1_0, using GFP_KERNEL"
3278,"ib0: can't use GFP_NOIO for QPs on device hfi1_0, using GFP_KERNEL"
3287,"ib0: can't use GFP_NOIO for QPs on device hfi1_0, using GFP_KERNEL"
3305,"ib0: can't use GFP_NOIO for QPs on device hfi1_0, using GFP_KERNEL"
3324,"ib0: can't use GFP_NOIO for QPs on device hfi1_0, using GFP_KERNEL"
3347,"ib0: can't use GFP_NOIO for QPs on device hfi1_0, using GFP_KERNEL"
3357,"ib0: can't use GFP_NOIO for QPs on device hfi1_0, using GFP_KERNEL"
3388,"ib0: can't use GFP_NOIO for QPs on device hfi1_0, using GFP_KERNEL"
3397,"ib0: can't use GFP_NOIO for QPs on device hfi1_0, using GFP_KERNEL"
3427,"ib0: can't use GFP_NOIO for QPs on device hfi1_0, using GFP_KERNEL"
3441,"ib0: can't use GFP_NOIO for QPs on device hfi1_0, using GFP_KERNEL"
3471,"ib0: can't use GFP_NOIO for QPs on device hfi1_0, using GFP_KERNEL"
3487,"ib0: can't use GFP_NOIO for QPs on device hfi1_0, using GFP_KERNEL"
3518,"ib0: can't use GFP_NOIO for QPs on device hfi1_0, using GFP_KERNEL"
3550,"ib0: can't use GFP_NOIO for QPs on device hfi1_0, using GFP_KERNEL"
3584,"ib0: can't use GFP_NOIO for QPs on device hfi1_0, using GFP_KERNEL"
3593,"ib0: can't use GFP_NOIO for QPs on device hfi1_0, using GFP_KERNEL"
3623,"ib0: can't use GFP_NOIO for QPs on device hfi1_0, using GFP_KERNEL"
3643,"ib0: can't use GFP_NOIO for QPs on device hfi1_0, using GFP_KERNEL"
3667,"ib0: can't use GFP_NOIO for QPs on device hfi1_0, using GFP_KERNEL"
3689,"ib0: can't use GFP_NOIO for QPs on device hfi1_0, using GFP_KERNEL"
3713,"ib0: can't use GFP_NOIO for QPs on device hfi1_0, using GFP_KERNEL"
3728,"ib0: can't use GFP_NOIO for QPs on device hfi1_0, using GFP_KERNEL"
3756,"ib0: can't use GFP_NOIO for QPs on device hfi1_0, using GFP_KERNEL"
3771,"ib0: can't use GFP_NOIO for QPs on device hfi1_0, using GFP_KERNEL"
3795,"ib0: can't use GFP_NOIO for QPs on device hfi1_0, using GFP_KERNEL"
3815,"ib0: can't use GFP_NOIO for QPs on device hfi1_0, using GFP_KERNEL"
3844,"ib0: can't use GFP_NOIO for QPs on device hfi1_0, using GFP_KERNEL"
3856,"ib0: can't use GFP_NOIO for QPs on device hfi1_0, using GFP_KERNEL"
3880,"ib0: can't use GFP_NOIO for QPs on device hfi1_0, using GFP_KERNEL"
3900,"ib0: can't use GFP_NOIO for QPs on device hfi1_0, using GFP_KERNEL"
3922,"ib0: can't use GFP_NOIO for QPs on device hfi1_0, using GFP_KERNEL"
3943,"ib0: can't use GFP_NOIO for QPs on device hfi1_0, using GFP_KERNEL"
3967,"ib0: can't use GFP_NOIO for QPs on device hfi1_0, using GFP_KERNEL"
3987,"ib0: can't use GFP_NOIO for QPs on device hfi1_0, using GFP_KERNEL"
4017,"ib0: can't use GFP_NOIO for QPs on device hfi1_0, using GFP_KERNEL"
4040,"ib0: can't use GFP_NOIO for QPs on device hfi1_0, using GFP_KERNEL"
4080,"ib0: can't use GFP_NOIO for QPs on device hfi1_0, using GFP_KERNEL"
4101,"ib0: can't use GFP_NOIO for QPs on device hfi1_0, using GFP_KERNEL"
4149,"ib0: can't use GFP_NOIO for QPs on device hfi1_0, using GFP_KERNEL"
4171,"ib0: can't use GFP_NOIO for QPs on device hfi1_0, using GFP_KERNEL"
4209,"ib0: can't use GFP_NOIO for QPs on device hfi1_0, using GFP_KERNEL"
4243,"ib0: can't use GFP_NOIO for QPs on device hfi1_0, using GFP_KERNEL"
4286,"ib0: can't use GFP_NOIO for QPs on device hfi1_0, using GFP_KERNEL"
4310,"ib0: can't use GFP_NOIO for QPs on device hfi1_0, using GFP_KERNEL"
4334,"ib0: can't use GFP_NOIO for QPs on device hfi1_0, using GFP_KERNEL"
4370,"ib0: can't use GFP_NOIO for QPs on device hfi1_0, using GFP_KERNEL"
4418,"ib0: can't use GFP_NOIO for QPs on device hfi1_0, using GFP_KERNEL"
4440,"ib0: can't use GFP_NOIO for QPs on device hfi1_0, using GFP_KERNEL"
4477,"ib0: can't use GFP_NOIO for QPs on device hfi1_0, using GFP_KERNEL"
4498,"ib0: can't use GFP_NOIO for QPs on device hfi1_0, using GFP_KERNEL"
4541,"ib0: can't use GFP_NOIO for QPs on device hfi1_0, using GFP_KERNEL"
4565,"ib0: can't use GFP_NOIO for QPs on device hfi1_0, using GFP_KERNEL"
4609,"ib0: can't use GFP_NOIO for QPs on device hfi1_0, using GFP_KERNEL"
4643,"ib0: can't use GFP_NOIO for QPs on device hfi1_0, using GFP_KERNEL"
4678,"ib0: can't use GFP_NOIO for QPs on device hfi1_0, using GFP_KERNEL"
4700,"ib0: can't use GFP_NOIO for QPs on device hfi1_0, using GFP_KERNEL"
4737,"ib0: can't use GFP_NOIO for QPs on device hfi1_0, using GFP_KERNEL"
4772,"ib0: can't use GFP_NOIO for QPs on device hfi1_0, using GFP_KERNEL"
4816,"ib0: can't use GFP_NOIO for QPs on device hfi1_0, using GFP_KERNEL"
4839,"ib0: can't use GFP_NOIO for QPs on device hfi1_0, using GFP_KERNEL"
4863,"ib0: can't use GFP_NOIO for QPs on device hfi1_0, using GFP_KERNEL"
4898,"ib0: can't use GFP_NOIO for QPs on device hfi1_0, using GFP_KERNEL"
4946,"ib0: can't use GFP_NOIO for QPs on device hfi1_0, using GFP_KERNEL"
4968,"ib0: can't use GFP_NOIO for QPs on device hfi1_0, using GFP_KERNEL"
4992,"ib0: can't use GFP_NOIO for QPs on device hfi1_0, using GFP_KERNEL"
5026,"ib0: can't use GFP_NOIO for QPs on device hfi1_0, using GFP_KERNEL"
5070,"ib0: can't use GFP_NOIO for QPs on device hfi1_0, using GFP_KERNEL"
5092,"ib0: can't use GFP_NOIO for QPs on device hfi1_0, using GFP_KERNEL"
5116,"ib0: can't use GFP_NOIO for QPs on device hfi1_0, using GFP_KERNEL"
5152,"ib0: can't use GFP_NOIO for QPs on device hfi1_0, using GFP_KERNEL"
5200,"ib0: can't use GFP_NOIO for QPs on device hfi1_0, using GFP_KERNEL"
5222,"ib0: can't use GFP_NOIO for QPs on device hfi1_0, using GFP_KERNEL"
5259,"ib0: can't use GFP_NOIO for QPs on device hfi1_0, using GFP_KERNEL"
5280,"ib0: can't use GFP_NOIO for QPs on device hfi1_0, using GFP_KERNEL"
5323,"ib0: can't use GFP_NOIO for QPs on device hfi1_0, using GFP_KERNEL"
5345,"ib0: can't use GFP_NOIO for QPs on device hfi1_0, using GFP_KERNEL"
5383,"ib0: can't use GFP_NOIO for QPs on device hfi1_0, using GFP_KERNEL"
5407,"ib0: can't use GFP_NOIO for QPs on device hfi1_0, using GFP_KERNEL"
5458,"ib0: can't use GFP_NOIO for QPs on device hfi1_0, using GFP_KERNEL"
5480,"ib0: can't use GFP_NOIO for QPs on device hfi1_0, using GFP_KERNEL"
5517,"ib0: can't use GFP_NOIO for QPs on device hfi1_0, using GFP_KERNEL"
5538,"ib0: can't use GFP_NOIO for QPs on device hfi1_0, using GFP_KERNEL"
5583,"ib0: can't use GFP_NOIO for QPs on device hfi1_0, using GFP_KERNEL"
5606,"ib0: can't use GFP_NOIO for QPs on device hfi1_0, using GFP_KERNEL"
5643,"ib0: can't use GFP_NOIO for QPs on device hfi1_0, using GFP_KERNEL"
5664,"ib0: can't use GFP_NOIO for QPs on device hfi1_0, using GFP_KERNEL"
5712,"ib0: can't use GFP_NOIO for QPs on device hfi1_0, using GFP_KERNEL"
5734,"ib0: can't use GFP_NOIO for QPs on device hfi1_0, using GFP_KERNEL"
5771,"ib0: can't use GFP_NOIO for QPs on device hfi1_0, using GFP_KERNEL"
5805,"ib0: can't use GFP_NOIO for QPs on device hfi1_0, using GFP_KERNEL"
5836,"ib0: can't use GFP_NOIO for QPs on device hfi1_0, using GFP_KERNEL"
5859,"ib0: can't use GFP_NOIO for QPs on device hfi1_0, using GFP_KERNEL"
5896,"ib0: can't use GFP_NOIO for QPs on device hfi1_0, using GFP_KERNEL"
5938,"ib0: can't use GFP_NOIO for QPs on device hfi1_0, using GFP_KERNEL"