6,(/Stage[main]/Psc::Syslog/Service[rsyslog]) Triggered 'refresh' from 2 events
7,(/Stage[main]/Psc::Sendmail/File[/etc/mail/sendmail.cf]/content) content changed '{md5}36238b0560584af8142f10b05b0f2b34' to '{md5}25924a283435840cf9461792d2fa27b5'
8,(/Stage[main]/Psc::Sendmail/File[/etc/mail/submit.cf]/content) content changed '{md5}f68ab9a5c5ec5c58a255243906be2131' to '{md5}df07226fb5e72263293f4d6e3d704a6a'
9,(/Stage[main]/Psc::Sendmail/File[/etc/mail/service.switch]/ensure) defined content as '{md5}03bbf0df178a91b4051bb353c93a1885'
20,(/Stage[main]/Psc::Sendmail/Service[sendmail]) Triggered 'refresh' from 3 events
21,(/Stage[main]/Bridges::Omnipath/File[/etc/sysconfig/irqbalance]/content) content changed '{md5}5d2ffed2b2c76cc7b751e3bf412b1181' to '{md5}e7f5ab16d9d8e7941c55f0f5f259b0fd'
25,(/Stage[main]/Bridges::Omnipath/File[/etc/modprobe.d/hfi1.conf]/ensure) defined content as '{md5}b4852eaba545b43aec46efd2d8ac16c9'
33,(/Stage[main]/Bridges::Omnipath/Service[irqbalance]) Triggered 'refresh' from 1 events
44,(/Stage[main]/Bridges::Omnipath/Package[rdma-ndd]/ensure) created
70,(/Stage[main]/Bridges::Omnipath/Service[rdma-ndd]/ensure) ensure changed 'stopped' to 'running'
71,(/Stage[main]/Bridges::Slurm/File[munge.key]/ensure) defined content as '{md5}1d80d5b62bee55e8a69fc91e8432e011'
95,(/Stage[main]/Bridges::Slurm/Service[munge.service]/ensure) ensure changed 'stopped' to 'running'
107,(/Stage[main]/Bridges::Slurm/User[slurm]/shell) shell changed '/bin/nologin' to '/sbin/nologin'
108,(/Stage[main]/Bridges::Slurm/File[slurmd.service]/ensure) defined content as '{md5}f5fe10678a15942755fbb5be6eb42614'
133,(/Stage[main]/Bridges::Slurm/Service[slurmd.service]/ensure) ensure changed 'stopped' to 'running'
134,(/Stage[main]/Bridges::Pylon2/File[/var/log/slash2]/ensure) created
135,(/Stage[main]/Bridges::Pylon2/File[/var/log/slash2/log]/ensure) created
136,(/Stage[main]/Bridges::Pylon2/File[/var/log/slash2/c]/ensure) created
137,(/Stage[main]/Bridges::Pylon2/File[/pylon2]/ensure) created
138,(/Stage[main]/Bridges::Pylon2/File[/etc/ld.so.conf.d/fuse.conf]/ensure) defined content as '{md5}7ec0da4f566bd3d95232b8039e16c8b3'
139,(/Stage[main]/Bridges::Pylon2/File_line[root_bashrc]/ensure) created
140,(/Stage[main]/Bridges::Pylon2/Exec[run_ldconfig]) Triggered 'refresh' from 1 events
141,(/Stage[main]/Bridges::Pylon2/File[/usr/lib64/nagios/plugins/check_pylon2]/ensure) defined content as '{md5}61be3aec685b918f2686891364f1a1e0'
2966,(/Stage[main]/Bridges::Pylon1/Package[lustre-client-modules]/ensure) created
2968,(/Stage[main]/Bridges::Pylon1/Package[lustre-client]/ensure) created
2969,(/Stage[main]/Bridges::Pylon1/File[lustre.conf]/ensure) defined content as '{md5}8f6ea7945e96229c6d5b24c364ba27c0'
2970,(/Stage[main]/Bridges::Localdisk/File[/root/localdisk.sh]/ensure) defined content as '{md5}97d41c02585a3c3acee3cc104d606a4e'
2973,(/Stage[main]/Bridges::Localdisk/Exec[create_local_disk_partition]/returns) executed successfully
2974,(/Stage[main]/Bridges::Localdisk/File[/local]/ensure) created
2975,(/Stage[main]/Bridges::Localdisk/Mount[/local]/ensure) defined 'ensure' as 'mounted'
2979,(/Stage[main]/Bridges::Localdisk/Mount[/local]) Triggered 'refresh' from 1 events
2980,(/Stage[main]/Psc::Ldap/Psc::Pam[ldapsystem]/File_line[authldapsystem-auth-ac]/ensure) created
2981,(/Stage[main]/Psc::Ldap/Psc::Pam[ldapsystem]/File_line[accountldapsystem-auth-ac]/ensure) created
2982,(/Stage[main]/Psc::Ldap/Psc::Pam[ldapsystem]/File_line[passwordldapsystem-auth-ac]/ensure) created
2983,(/Stage[main]/Psc::Ldap/Psc::Pam[ldapsystem]/File_line[sessionldapsystem-auth-ac]/ensure) created
2984,(/Stage[main]/Psc::Ldap/Psc::Pam[ldappassword]/File_line[authldappassword-auth-ac]/ensure) created
2985,(/Stage[main]/Psc::Ldap/Psc::Pam[ldappassword]/File_line[accountldappassword-auth-ac]/ensure) created
2986,(/Stage[main]/Psc::Ldap/Psc::Pam[ldappassword]/File_line[passwordldappassword-auth-ac]/ensure) created
2987,(/Stage[main]/Psc::Ldap/Psc::Pam[ldappassword]/File_line[sessionldappassword-auth-ac]/ensure) created
2988,(/Stage[main]/Mcollective_plugins/Mcollective_plugins::Mco_files[puppet]/File[/usr/libexec/mcollective/mcollective/agent/puppet.rb]/ensure) defined content as '{md5}eb38cadaf62e34387d10783df4754cb2'
2989,(/Stage[main]/Mcollective_plugins/Mcollective_plugins::Mco_files[puppet]/File[/usr/libexec/mcollective/mcollective/agent/puppet.ddl]/ensure) defined content as '{md5}05d975cbc1eb09af4522462a4afd55fa'
2990,(/Stage[main]/Mcollective_plugins/Mcollective_plugins::Mco_files[puppet]/File[/usr/libexec/mcollective/mcollective/data/puppet_data.ddl]/ensure) defined content as '{md5}5c9912bf5ae5dbc8762109a40c027c63'
2991,(/Stage[main]/Mcollective_plugins/Mcollective_plugins::Mco_files[puppet]/File[/usr/libexec/mcollective/mcollective/data/puppet_data.rb]/ensure) defined content as '{md5}606e87cd509addf22dd8e93d503d8262'
2992,(/Stage[main]/Mcollective_plugins/Mcollective_plugins::Mco_files[puppet]/File[/usr/libexec/mcollective/mcollective/data/resource_data.ddl]/ensure) defined content as '{md5}c4e3a46fd3c0b5d3990db0b8af1c747f'
2993,(/Stage[main]/Mcollective_plugins/Mcollective_plugins::Mco_files[puppet]/File[/usr/libexec/mcollective/mcollective/data/resource_data.rb]/ensure) defined content as '{md5}49be769fb403191af41f1b89697ce4cc'
2994,(/Stage[main]/Mcollective_plugins/Mcollective_plugins::Mco_files[puppet]/File[/usr/libexec/mcollective/mcollective/util/puppet_agent_mgr.rb]/ensure) defined content as '{md5}8b80e880a2035fb1b9167106087ff049'
2995,(/Stage[main]/Mcollective_plugins/Mcollective_plugins::Mco_files[puppet]/File[/usr/libexec/mcollective/mcollective/util/puppet_agent_mgr/mgr_v2.rb]/ensure) defined content as '{md5}9a00171022ddb12d0a463e9cefeba481'
2996,(/Stage[main]/Mcollective_plugins/Mcollective_plugins::Mco_files[puppet]/File[/usr/libexec/mcollective/mcollective/util/puppet_agent_mgr/mgr_v3.rb]/ensure) defined content as '{md5}b5cb1a9b7311fc3769a3ccaabadeb694'
2997,(/Stage[main]/Mcollective_plugins/Mcollective_plugins::Mco_files[puppet]/File[/usr/libexec/mcollective/mcollective/util/puppet_agent_mgr/mgr_windows.rb]/ensure) defined content as '{md5}79a6cf3dac0177f6b9c22d5085324676'
2998,(/Stage[main]/Mcollective_plugins/Mcollective_plugins::Mco_files[puppet]/File[/usr/libexec/mcollective/mcollective/util/puppet_server_address_validation.rb]/ensure) defined content as '{md5}1c78390e33e71773e121a902ae91bfd4'
2999,(/Stage[main]/Mcollective_plugins/Mcollective_plugins::Mco_files[puppet]/File[/usr/libexec/mcollective/mcollective/util/puppetrunner.rb]/ensure) defined content as '{md5}a4fade81457455fbca9370249defbdf1'
3000,(/Stage[main]/Mcollective_plugins/Mcollective_plugins::Mco_files[puppet]/File[/usr/libexec/mcollective/mcollective/validator/puppet_resource_validator.ddl]/ensure) defined content as '{md5}3e45a28e1ba6c8d22ce40934c04b30b4'
3001,(/Stage[main]/Mcollective_plugins/Mcollective_plugins::Mco_files[puppet]/File[/usr/libexec/mcollective/mcollective/validator/puppet_resource_validator.rb]/ensure) defined content as '{md5}567c7dc4d70ed0db7fd2626c77f6df41'
3002,(/Stage[main]/Mcollective_plugins/Mcollective_plugins::Mco_files[puppet]/File[/usr/libexec/mcollective/mcollective/validator/puppet_server_address_validator.ddl]/ensure) defined content as '{md5}323e0b9647639fdf32cfbc63a82860f7'
3003,(/Stage[main]/Mcollective_plugins/Mcollective_plugins::Mco_files[puppet]/File[/usr/libexec/mcollective/mcollective/validator/puppet_server_address_validator.rb]/ensure) defined content as '{md5}e84a56187809c5181b78b2819ee149fe'
3004,(/Stage[main]/Mcollective_plugins/Mcollective_plugins::Mco_files[puppet]/File[/usr/libexec/mcollective/mcollective/validator/puppet_tags_validator.ddl]/ensure) defined content as '{md5}7ed95b2e5b210db83d12d5034f1ecb0f'
3005,(/Stage[main]/Mcollective_plugins/Mcollective_plugins::Mco_files[puppet]/File[/usr/libexec/mcollective/mcollective/validator/puppet_tags_validator.rb]/ensure) defined content as '{md5}40b29498e867ba2ecf21dc08bc457d4e'
3006,(/Stage[main]/Mcollective_plugins/Mcollective_plugins::Mco_files[puppet]/File[/usr/libexec/mcollective/mcollective/validator/puppet_variable_validator.ddl]/ensure) defined content as '{md5}58c9db4ca4503e4d692a016743e01627'
3007,(/Stage[main]/Mcollective_plugins/Mcollective_plugins::Mco_files[puppet]/File[/usr/libexec/mcollective/mcollective/validator/puppet_variable_validator.rb]/ensure) defined content as '{md5}3cbca3af2e5884f2a807ef005a87151b'
3008,(/Stage[main]/Mcollective_plugins/Mcollective_plugins::Mco_files[puppet]/File[/usr/libexec/mcollective/mcollective/aggregate/boolean_summary.ddl]/ensure) defined content as '{md5}aa581c71a6c7658bffdbaec81590f65d'
3009,(/Stage[main]/Mcollective_plugins/Mcollective_plugins::Mco_files[puppet]/File[/usr/libexec/mcollective/mcollective/aggregate/boolean_summary.rb]/ensure) defined content as '{md5}0546063313508d8aff603be320af3c44'
3010,(/Stage[main]/Mcollective_plugins/Mcollective_plugins::Mco_files[puppet]/File[/usr/libexec/mcollective/mcollective/application/puppet.rb]/ensure) defined content as '{md5}13731d27f1276cdd3314f7fa30aa5eb1'
3011,(/Stage[main]/Mcollective_plugins/Mcollective_plugins::Mco_files[nettest]/File[/usr/libexec/mcollective/mcollective/agent/nettest.ddl]/ensure) defined content as '{md5}b3719943a794885fbac23ed0bdf76ba5'
3012,(/Stage[main]/Mcollective_plugins/Mcollective_plugins::Mco_files[nettest]/File[/usr/libexec/mcollective/mcollective/data/nettest_data.ddl]/ensure) defined content as '{md5}1b2d47b76959106149907ff42d566895'
3013,(/Stage[main]/Mcollective_plugins/Mcollective_plugins::Mco_files[nettest]/File[/usr/libexec/mcollective/mcollective/data/nettest_data.rb]/ensure) defined content as '{md5}793f0008c099c8f1b713005a35fe01d0'
3014,(/Stage[main]/Mcollective_plugins/Mcollective_plugins::Mco_files[nettest]/File[/usr/libexec/mcollective/mcollective/util/nettest_agent.rb]/ensure) defined content as '{md5}9596a551e343e9591ca59b4c2112ac7d'
3015,(/Stage[main]/Mcollective_plugins/Mcollective_plugins::Mco_files[nettest]/File[/usr/libexec/mcollective/mcollective/validator/nettest_fqdn.ddl]/ensure) defined content as '{md5}e0412a42e5617a2e04bef50ef633af13'
3016,(/Stage[main]/Mcollective_plugins/Mcollective_plugins::Mco_files[nettest]/File[/usr/libexec/mcollective/mcollective/validator/nettest_fqdn.rb]/ensure) defined content as '{md5}e5cfb37490dbf437575b756673cfc347'
3017,(/Stage[main]/Mcollective_plugins/Mcollective_plugins::Mco_files[nettest]/File[/usr/libexec/mcollective/mcollective/validator/nettest_server_address.ddl]/ensure) defined content as '{md5}4406b1f7a115a1ae877c219cbb2f2e93'
3018,(/Stage[main]/Mcollective_plugins/Mcollective_plugins::Mco_files[nettest]/File[/usr/libexec/mcollective/mcollective/validator/nettest_server_address.rb]/ensure) defined content as '{md5}b4db15303a64a25427c624d6f1636e10'
3019,(/Stage[main]/Mcollective_plugins/Mcollective_plugins::Mco_files[nettest]/File[/usr/libexec/mcollective/mcollective/agent/nettest.rb]/ensure) defined content as '{md5}ed31d3ffe283c52ad7f3f573d3f1c62f'
3020,(/Stage[main]/Mcollective_plugins/Mcollective_plugins::Mco_files[nettest]/File[/usr/libexec/mcollective/mcollective/aggregate/nettest_mma.ddl]/ensure) defined content as '{md5}2acd083078b8b2055e7a5279148fb74f'
3021,(/Stage[main]/Mcollective_plugins/Mcollective_plugins::Mco_files[nettest]/File[/usr/libexec/mcollective/mcollective/aggregate/nettest_mma.rb]/ensure) defined content as '{md5}58b2e31318ab79141fb5b35ecba4b7e7'
3022,(/Stage[main]/Mcollective_plugins/Mcollective_plugins::Mco_files[nettest]/File[/usr/libexec/mcollective/mcollective/application/nettest.rb]/ensure) defined content as '{md5}9f7d8498ad2a5808b2664229ef15c82f'
3023,(/Stage[main]/Mcollective_plugins/Mcollective_plugins::Mco_files[nrpe]/File[/usr/libexec/mcollective/mcollective/agent/nrpe.ddl]/ensure) defined content as '{md5}a8349baaa03f21ac9dbcf9146c9c6b22'
3024,(/Stage[main]/Mcollective_plugins/Mcollective_plugins::Mco_files[nrpe]/File[/usr/libexec/mcollective/mcollective/data/nrpe_data.ddl]/ensure) defined content as '{md5}f036746cdc24fe43eb75bf5f8058fb16'
3025,(/Stage[main]/Mcollective_plugins/Mcollective_plugins::Mco_files[nrpe]/File[/usr/libexec/mcollective/mcollective/data/nrpe_data.rb]/ensure) defined content as '{md5}615c7eb5a05335e834fdcab7c4a17aa1'
3026,(/Stage[main]/Mcollective_plugins/Mcollective_plugins::Mco_files[nrpe]/File[/usr/libexec/mcollective/mcollective/agent/nrpe.rb]/ensure) defined content as '{md5}65aa75c083bee3b8d7b2b9ff807d2eff'
3027,(/Stage[main]/Mcollective_plugins/Mcollective_plugins::Mco_files[nrpe]/File[/usr/libexec/mcollective/mcollective/aggregate/nagios_states.rb]/ensure) defined content as '{md5}9d28da120936859736b0492834b2413d'
3028,(/Stage[main]/Mcollective_plugins/Mcollective_plugins::Mco_files[nrpe]/File[/usr/libexec/mcollective/mcollective/application/nrpe.rb]/ensure) defined content as '{md5}ad36615960e89938ddc2ae7c11226aab'
3029,(/Stage[main]/Mcollective_plugins/Mcollective_plugins::Mco_files[package]/File[/usr/libexec/mcollective/mcollective/agent/package.ddl]/ensure) defined content as '{md5}ae1d49824b9b84d1a8f617c317147bea'
3030,(/Stage[main]/Mcollective_plugins/Mcollective_plugins::Mco_files[package]/File[/usr/libexec/mcollective/mcollective/util/package/base.rb]/ensure) defined content as '{md5}1bdb7e7a6dcfea6fd2a06c5dc39b7276'
3031,(/Stage[main]/Mcollective_plugins/Mcollective_plugins::Mco_files[package]/File[/usr/libexec/mcollective/mcollective/util/package/packagehelpers.rb]/ensure) defined content as '{md5}312aecc3b1ee75f97a989fea3e7a221d'
3032,(/Stage[main]/Mcollective_plugins/Mcollective_plugins::Mco_files[package]/File[/usr/libexec/mcollective/mcollective/util/package/puppetpackage.rb]/ensure) defined content as '{md5}865eec36ae05c30b072d3f5bd871fb52'
3033,(/Stage[main]/Mcollective_plugins/Mcollective_plugins::Mco_files[package]/File[/usr/libexec/mcollective/mcollective/util/package/yumHelper.py]/ensure) defined content as '{md5}40fa99ef10b84c38517f6b695a0af533'
3034,(/Stage[main]/Mcollective_plugins/Mcollective_plugins::Mco_files[package]/File[/usr/libexec/mcollective/mcollective/util/package/yumpackage.rb]/ensure) defined content as '{md5}256bde1567d8794ca929092462f5ae03'
3035,(/Stage[main]/Mcollective_plugins/Mcollective_plugins::Mco_files[package]/File[/usr/libexec/mcollective/mcollective/agent/package.rb]/ensure) defined content as '{md5}60d4b37d3844fc379a99d2b17a243620'
3036,(/Stage[main]/Mcollective_plugins/Mcollective_plugins::Mco_files[package]/File[/usr/libexec/mcollective/mcollective/application/package.rb]/ensure) defined content as '{md5}4e6571cdac3f6aa322c9f195693e1dbe'
3037,(/Stage[main]/Mcollective_plugins/Mcollective_plugins::Mco_files[service]/File[/usr/libexec/mcollective/mcollective/agent/service.ddl]/ensure) defined content as '{md5}3471e24142773d1bb7769c250e6b63d3'
3038,(/Stage[main]/Mcollective_plugins/Mcollective_plugins::Mco_files[service]/File[/usr/libexec/mcollective/mcollective/data/service_data.ddl]/ensure) defined content as '{md5}e7f7e0bc65ede56fc636505a400b1700'
3039,(/Stage[main]/Mcollective_plugins/Mcollective_plugins::Mco_files[service]/File[/usr/libexec/mcollective/mcollective/data/service_data.rb]/ensure) defined content as '{md5}bc651898c7dcd373d609c933fbd6021f'
3040,(/Stage[main]/Mcollective_plugins/Mcollective_plugins::Mco_files[service]/File[/usr/libexec/mcollective/mcollective/util/service/base.rb]/ensure) defined content as '{md5}abea7b8fadbf3425a7b68b49b9435ff6'
3041,(/Stage[main]/Mcollective_plugins/Mcollective_plugins::Mco_files[service]/File[/usr/libexec/mcollective/mcollective/util/service/puppetservice.rb]/ensure) defined content as '{md5}905db93e1c06ad5a7154fa2f9199f31c'
3042,(/Stage[main]/Mcollective_plugins/Mcollective_plugins::Mco_files[service]/File[/usr/libexec/mcollective/mcollective/validator/service_name.ddl]/ensure) defined content as '{md5}2812afa15108103042f706c2201e286b'
3043,(/Stage[main]/Mcollective_plugins/Mcollective_plugins::Mco_files[service]/File[/usr/libexec/mcollective/mcollective/validator/service_name.rb]/ensure) defined content as '{md5}3f501a9ed252ce2dfe06a2e1e53845ab'
3044,(/Stage[main]/Mcollective_plugins/Mcollective_plugins::Mco_files[service]/File[/usr/libexec/mcollective/mcollective/agent/service.rb]/ensure) defined content as '{md5}cbf84ed615eeda9789650b05ec504566'
3045,(/Stage[main]/Mcollective_plugins/Mcollective_plugins::Mco_files[service]/File[/usr/libexec/mcollective/mcollective/application/service.rb]/ensure) defined content as '{md5}c95359f947af5f0d904fa3df80cb9820'
3046,(/Stage[main]/Mcollective_plugins/Mcollective_plugins::Mco_files[sysctl]/File[/usr/libexec/mcollective/mcollective/data/sysctl_data.ddl]/ensure) defined content as '{md5}253ba07360687d4a4662088dd55a1181'
3047,(/Stage[main]/Mcollective_plugins/Mcollective_plugins::Mco_files[sysctl]/File[/usr/libexec/mcollective/mcollective/data/sysctl_data.rb]/ensure) defined content as '{md5}8454e4cdfbd494f4d7a09ec3298df95e'
3072,(/Stage[main]/Psc::Mcollective::Server/Service[mcollective]/ensure) ensure changed 'stopped' to 'running'
3073,(/Stage[main]/Bridges::Pylon2/Naemon::Passive_check[Pylon2]/File[/etc/naemon/passive_checks/Pylon2.sh]/ensure) defined content as '{md5}70073766e5296879b866a6758e30a22d'
3074,(/Stage[main]/Bridges::Omnipath/Network::If::Static[ib0]/Network_if_base[ib0]/File[ifcfg-ib0]/ensure) defined content as '{md5}db8c373827645c7a57ad9dd33e752adb'
3089,(/Stage[main]/Network/Service[network]/enable) enable changed 'false' to 'true'
3149,(/Stage[main]/Network/Service[network]) Triggered 'refresh' from 1 events
3150,Applied catalog in 314.35 seconds
3213,(/Stage[main]/Psc::Ldap/File[/etc/nscd.conf]/mode) mode changed '0644' to '0600'
3229,(/Stage[main]/Psc::Ldap/Service[nscd]) Triggered 'refresh' from 1 events
3234,(/Stage[main]/Psc::Default/Package[openssl]/ensure) ensure changed '1.0.1e-51.el7_2.2' to '1:1.0.1e-51.el7_2.4'
3238,(/Stage[main]/Bridges::Pylon2/Exec[/opt/packages/slash2/psc/sbin/mount_slash.sh]/returns) executed successfully
3239,(/Stage[main]/Bridges::Localdisk/File[/local]/mode) mode changed '0755' to '1777'
3254,(/Stage[main]/Network/Service[network]/enable) enable changed 'false' to 'true'
3255,Applied catalog in 11.81 seconds
3339,(/Stage[main]/Network/Service[network]/enable) enable changed 'false' to 'true'
3340,Applied catalog in 5.53 seconds
3412,(/Stage[main]/Network/Service[network]/enable) enable changed 'false' to 'true'
3413,Applied catalog in 5.53 seconds
3502,(/Stage[main]/Network/Service[network]/enable) enable changed 'false' to 'true'
3503,Applied catalog in 5.44 seconds
3608,(/Stage[main]/Network/Service[network]/enable) enable changed 'false' to 'true'
3609,Applied catalog in 5.40 seconds
3704,(/Stage[main]/Network/Service[network]/enable) enable changed 'false' to 'true'
3705,Applied catalog in 5.37 seconds
3786,(/Stage[main]/Network/Service[network]/enable) enable changed 'false' to 'true'
3787,Applied catalog in 5.33 seconds
3871,(/Stage[main]/Network/Service[network]/enable) enable changed 'false' to 'true'
3872,Applied catalog in 5.51 seconds
3958,(/Stage[main]/Network/Service[network]/enable) enable changed 'false' to 'true'
3959,Applied catalog in 5.37 seconds
4055,(/Stage[main]/Network/Service[network]/enable) enable changed 'false' to 'true'
4056,Applied catalog in 5.38 seconds
4186,(/Stage[main]/Network/Service[network]/enable) enable changed 'false' to 'true'
4187,Applied catalog in 5.47 seconds
4325,(/Stage[main]/Network/Service[network]/enable) enable changed 'false' to 'true'
4326,Applied catalog in 5.28 seconds
4455,(/Stage[main]/Network/Service[network]/enable) enable changed 'false' to 'true'
4456,Applied catalog in 5.50 seconds
4580,(/Stage[main]/Network/Service[network]/enable) enable changed 'false' to 'true'
4581,Applied catalog in 5.37 seconds
4715,(/Stage[main]/Network/Service[network]/enable) enable changed 'false' to 'true'
4716,Applied catalog in 5.42 seconds
4854,(/Stage[main]/Network/Service[network]/enable) enable changed 'false' to 'true'
4855,Applied catalog in 5.38 seconds
4983,(/Stage[main]/Network/Service[network]/enable) enable changed 'false' to 'true'
4984,Applied catalog in 5.43 seconds
5107,(/Stage[main]/Network/Service[network]/enable) enable changed 'false' to 'true'
5108,Applied catalog in 5.46 seconds
5237,(/Stage[main]/Network/Service[network]/enable) enable changed 'false' to 'true'
5238,Applied catalog in 5.42 seconds
5360,(/Stage[main]/Network/Service[network]/enable) enable changed 'false' to 'true'
5361,Applied catalog in 5.45 seconds
5495,(/Stage[main]/Network/Service[network]/enable) enable changed 'false' to 'true'
5496,Applied catalog in 5.41 seconds
5621,(/Stage[main]/Network/Service[network]/enable) enable changed 'false' to 'true'
5622,Applied catalog in 5.35 seconds
5749,(/Stage[main]/Network/Service[network]/enable) enable changed 'false' to 'true'
5750,Applied catalog in 5.26 seconds
5874,(/Stage[main]/Network/Service[network]/enable) enable changed 'false' to 'true'
5875,Applied catalog in 5.59 seconds