3194,starting 0anacron
3196,finished 0anacron
3197,starting 0yum-hourly.cron
3202,finished 0yum-hourly.cron
3271,starting 0yum-daily.cron
3272,finished 0yum-daily.cron
3273,starting logrotate
3274,finished logrotate
3275,starting man-db.cron
3276,finished man-db.cron
3277,starting mlocate
3279,finished mlocate
3367,starting 0anacron
3368,finished 0anacron
3369,starting 0yum-hourly.cron
3370,finished 0yum-hourly.cron
3572,starting 0anacron
3573,finished 0anacron
3574,starting 0yum-hourly.cron
3575,finished 0yum-hourly.cron
3744,starting 0anacron
3745,finished 0anacron
3746,starting 0yum-hourly.cron
3747,finished 0yum-hourly.cron
3916,starting 0anacron
3917,finished 0anacron
3918,starting 0yum-hourly.cron
3919,finished 0yum-hourly.cron
4130,starting 0anacron
4131,finished 0anacron
4132,starting 0yum-hourly.cron
4133,finished 0yum-hourly.cron
4399,starting 0anacron
4400,finished 0anacron
4401,starting 0yum-hourly.cron
4402,finished 0yum-hourly.cron
4659,starting 0anacron
4660,finished 0anacron
4661,starting 0yum-hourly.cron
4662,finished 0yum-hourly.cron
4927,starting 0anacron
4928,finished 0anacron
4929,starting 0yum-hourly.cron
4930,finished 0yum-hourly.cron
5181,starting 0anacron
5182,finished 0anacron
5183,starting 0yum-hourly.cron
5184,finished 0yum-hourly.cron
5436,starting 0anacron
5437,finished 0anacron
5438,starting 0yum-hourly.cron
5439,finished 0yum-hourly.cron
5693,starting 0anacron
5694,finished 0anacron
5695,starting 0yum-hourly.cron
5696,finished 0yum-hourly.cron
