3161,Did not receive identification string from 10.4.200.71
3163,Accepted publickey for monitor from 10.4.200.71 port 42703 ssh2: RSA f7:53:57:a2:ef:8d:2d:ae:9f:0a:19:67:b6:6c:9f:95
3164,pam_systemd(sshd:session): Failed to create session: No such file or directory
3165,pam_unix(sshd:session): session opened for user monitor by (uid=0)
3166,Received disconnect from 10.4.200.71: 11: disconnected by user
3167,pam_unix(sshd:session): session closed for user monitor
3170,Did not receive identification string from 10.4.200.71
3171,Accepted publickey for monitor from 10.4.200.71 port 45362 ssh2: RSA f7:53:57:a2:ef:8d:2d:ae:9f:0a:19:67:b6:6c:9f:95
3172,pam_systemd(sshd:session): Failed to create session: No such file or directory
3173,pam_unix(sshd:session): session opened for user monitor by (uid=0)
3174,Received disconnect from 10.4.200.71: 11: disconnected by user
3175,pam_unix(sshd:session): session closed for user monitor
3203,Did not receive identification string from 10.4.200.71
3204,Accepted publickey for monitor from 10.4.200.71 port 48984 ssh2: RSA f7:53:57:a2:ef:8d:2d:ae:9f:0a:19:67:b6:6c:9f:95
3205,pam_systemd(sshd:session): Failed to create session: No such file or directory
3206,pam_unix(sshd:session): session opened for user monitor by (uid=0)
3207,Received disconnect from 10.4.200.71: 11: disconnected by user
3208,pam_unix(sshd:session): session closed for user monitor
3261,Did not receive identification string from 10.4.200.71
3262,Accepted publickey for monitor from 10.4.200.71 port 51316 ssh2: RSA f7:53:57:a2:ef:8d:2d:ae:9f:0a:19:67:b6:6c:9f:95
3263,pam_systemd(sshd:session): Failed to create session: No such file or directory
3264,pam_unix(sshd:session): session opened for user monitor by (uid=0)
3265,Received disconnect from 10.4.200.71: 11: disconnected by user
3266,pam_unix(sshd:session): session closed for user monitor
3281,Did not receive identification string from 10.4.200.71
3282,Accepted publickey for monitor from 10.4.200.71 port 53723 ssh2: RSA f7:53:57:a2:ef:8d:2d:ae:9f:0a:19:67:b6:6c:9f:95
3283,pam_systemd(sshd:session): Failed to create session: No such file or directory
3284,pam_unix(sshd:session): session opened for user monitor by (uid=0)
3285,Received disconnect from 10.4.200.71: 11: disconnected by user
3286,pam_unix(sshd:session): session closed for user monitor
3292,Did not receive identification string from 10.4.200.71
3294,Accepted publickey for monitor from 10.4.200.71 port 56808 ssh2: RSA f7:53:57:a2:ef:8d:2d:ae:9f:0a:19:67:b6:6c:9f:95
3295,pam_systemd(sshd:session): Failed to create session: No such file or directory
3296,pam_unix(sshd:session): session opened for user monitor by (uid=0)
3297,Received disconnect from 10.4.200.71: 11: disconnected by user
3298,pam_unix(sshd:session): session closed for user monitor
3306,Did not receive identification string from 10.4.200.71
3307,Accepted publickey for monitor from 10.4.200.71 port 59866 ssh2: RSA f7:53:57:a2:ef:8d:2d:ae:9f:0a:19:67:b6:6c:9f:95
3308,pam_systemd(sshd:session): Failed to create session: No such file or directory
3309,pam_unix(sshd:session): session opened for user monitor by (uid=0)
3310,Received disconnect from 10.4.200.71: 11: disconnected by user
3311,pam_unix(sshd:session): session closed for user monitor
3317,Did not receive identification string from 10.4.200.71
3318,Accepted publickey for monitor from 10.4.200.71 port 33594 ssh2: RSA f7:53:57:a2:ef:8d:2d:ae:9f:0a:19:67:b6:6c:9f:95
3319,pam_systemd(sshd:session): Failed to create session: No such file or directory
3320,pam_unix(sshd:session): session opened for user monitor by (uid=0)
3321,Received disconnect from 10.4.200.71: 11: disconnected by user
3322,pam_unix(sshd:session): session closed for user monitor
3348,Did not receive identification string from 10.4.200.71
3349,Accepted publickey for monitor from 10.4.200.71 port 35141 ssh2: RSA f7:53:57:a2:ef:8d:2d:ae:9f:0a:19:67:b6:6c:9f:95
3350,pam_systemd(sshd:session): Failed to create session: No such file or directory
3351,pam_unix(sshd:session): session opened for user monitor by (uid=0)
3352,Received disconnect from 10.4.200.71: 11: disconnected by user
3353,pam_unix(sshd:session): session closed for user monitor
3376,Did not receive identification string from 10.4.200.71
3377,Accepted publickey for monitor from 10.4.200.71 port 39655 ssh2: RSA f7:53:57:a2:ef:8d:2d:ae:9f:0a:19:67:b6:6c:9f:95
3378,pam_systemd(sshd:session): Failed to create session: No such file or directory
3379,pam_unix(sshd:session): session opened for user monitor by (uid=0)
3380,Received disconnect from 10.4.200.71: 11: disconnected by user
3381,pam_unix(sshd:session): session closed for user monitor
3382,Did not receive identification string from 10.4.200.71
3383,Accepted publickey for monitor from 10.4.200.71 port 41248 ssh2: RSA f7:53:57:a2:ef:8d:2d:ae:9f:0a:19:67:b6:6c:9f:95
3384,pam_systemd(sshd:session): Failed to create session: No such file or directory
3385,pam_unix(sshd:session): session opened for user monitor by (uid=0)
3386,Received disconnect from 10.4.200.71: 11: disconnected by user
3387,pam_unix(sshd:session): session closed for user monitor
3414,Did not receive identification string from 10.4.200.71
3415,Accepted publickey for monitor from 10.4.200.71 port 43801 ssh2: RSA f7:53:57:a2:ef:8d:2d:ae:9f:0a:19:67:b6:6c:9f:95
3416,pam_systemd(sshd:session): Failed to create session: No such file or directory
3417,pam_unix(sshd:session): session opened for user monitor by (uid=0)
3418,Received disconnect from 10.4.200.71: 11: disconnected by user
3419,pam_unix(sshd:session): session closed for user monitor
3435,Did not receive identification string from 10.4.200.71
3436,Accepted publickey for monitor from 10.4.200.71 port 46290 ssh2: RSA f7:53:57:a2:ef:8d:2d:ae:9f:0a:19:67:b6:6c:9f:95
3437,pam_systemd(sshd:session): Failed to create session: No such file or directory
3438,pam_unix(sshd:session): session opened for user monitor by (uid=0)
3439,Received disconnect from 10.4.200.71: 11: disconnected by user
3440,pam_unix(sshd:session): session closed for user monitor
3442,Did not receive identification string from 10.4.200.71
3444,Accepted publickey for monitor from 10.4.200.71 port 48977 ssh2: RSA f7:53:57:a2:ef:8d:2d:ae:9f:0a:19:67:b6:6c:9f:95
3445,pam_systemd(sshd:session): Failed to create session: No such file or directory
3446,pam_unix(sshd:session): session opened for user monitor by (uid=0)
3447,Received disconnect from 10.4.200.71: 11: disconnected by user
3448,pam_unix(sshd:session): session closed for user monitor
3464,Did not receive identification string from 10.4.200.71
3466,Accepted publickey for monitor from 10.4.200.71 port 51909 ssh2: RSA f7:53:57:a2:ef:8d:2d:ae:9f:0a:19:67:b6:6c:9f:95
3467,pam_systemd(sshd:session): Failed to create session: No such file or directory
3468,pam_unix(sshd:session): session opened for user monitor by (uid=0)
3469,Received disconnect from 10.4.200.71: 11: disconnected by user
3470,pam_unix(sshd:session): session closed for user monitor
3480,Did not receive identification string from 10.4.200.71
3481,Accepted publickey for monitor from 10.4.200.71 port 54367 ssh2: RSA f7:53:57:a2:ef:8d:2d:ae:9f:0a:19:67:b6:6c:9f:95
3482,pam_systemd(sshd:session): Failed to create session: No such file or directory
3483,pam_unix(sshd:session): session opened for user monitor by (uid=0)
3484,Received disconnect from 10.4.200.71: 11: disconnected by user
3485,pam_unix(sshd:session): session closed for user monitor
3512,Did not receive identification string from 10.4.200.71
3513,Accepted publickey for monitor from 10.4.200.71 port 56024 ssh2: RSA f7:53:57:a2:ef:8d:2d:ae:9f:0a:19:67:b6:6c:9f:95
3514,pam_systemd(sshd:session): Failed to create session: No such file or directory
3515,pam_unix(sshd:session): session opened for user monitor by (uid=0)
3516,Received disconnect from 10.4.200.71: 11: disconnected by user
3517,pam_unix(sshd:session): session closed for user monitor
3526,Did not receive identification string from 10.4.200.71
3527,Accepted publickey for monitor from 10.4.200.71 port 58153 ssh2: RSA f7:53:57:a2:ef:8d:2d:ae:9f:0a:19:67:b6:6c:9f:95
3528,pam_systemd(sshd:session): Failed to create session: No such file or directory
3529,pam_unix(sshd:session): session opened for user monitor by (uid=0)
3530,Received disconnect from 10.4.200.71: 11: disconnected by user
3531,pam_unix(sshd:session): session closed for user monitor
3532,Accepted publickey for richardu from 10.4.212.74 port 54244 ssh2: RSA 20:5f:1d:c9:a3:7d:82:cf:bf:a1:77:11:84:51:66:aa
3533,pam_systemd(sshd:session): Failed to create session: No such file or directory
3534,pam_unix(sshd:session): session opened for user richardu by (uid=0)
3535,Received disconnect from 10.4.212.74: 11: disconnected by user
3536,pam_unix(sshd:session): session closed for user richardu
3537,Accepted publickey for root from 10.4.200.83 port 43167 ssh2: DSA 5c:fb:fb:4c:35:47:06:11:2e:2e:20:fe:76:42:67:df
3543,pam_unix(sshd:session): session opened for user root by (uid=0)
3544,Received disconnect from 10.4.200.83: 11: disconnected by user
3545,pam_unix(sshd:session): session closed for user root
3558,Did not receive identification string from 10.4.200.71
3559,Accepted publickey for monitor from 10.4.200.71 port 33129 ssh2: RSA f7:53:57:a2:ef:8d:2d:ae:9f:0a:19:67:b6:6c:9f:95
3560,pam_systemd(sshd:session): Failed to create session: No such file or directory
3561,pam_unix(sshd:session): session opened for user monitor by (uid=0)
3562,Received disconnect from 10.4.200.71: 11: disconnected by user
3563,pam_unix(sshd:session): session closed for user monitor
3578,Did not receive identification string from 10.4.200.71
3579,Accepted publickey for monitor from 10.4.200.71 port 35959 ssh2: RSA f7:53:57:a2:ef:8d:2d:ae:9f:0a:19:67:b6:6c:9f:95
3580,pam_systemd(sshd:session): Failed to create session: No such file or directory
3581,pam_unix(sshd:session): session opened for user monitor by (uid=0)
3582,Received disconnect from 10.4.200.71: 11: disconnected by user
3583,pam_unix(sshd:session): session closed for user monitor
3610,Did not receive identification string from 10.4.200.71
3611,Accepted publickey for monitor from 10.4.200.71 port 38325 ssh2: RSA f7:53:57:a2:ef:8d:2d:ae:9f:0a:19:67:b6:6c:9f:95
3612,pam_systemd(sshd:session): Failed to create session: No such file or directory
3613,pam_unix(sshd:session): session opened for user monitor by (uid=0)
3614,Received disconnect from 10.4.200.71: 11: disconnected by user
3615,pam_unix(sshd:session): session closed for user monitor
3631,Did not receive identification string from 10.4.200.71
3632,Accepted publickey for monitor from 10.4.200.71 port 40323 ssh2: RSA f7:53:57:a2:ef:8d:2d:ae:9f:0a:19:67:b6:6c:9f:95
3633,pam_systemd(sshd:session): Failed to create session: No such file or directory
3634,pam_unix(sshd:session): session opened for user monitor by (uid=0)
3635,Received disconnect from 10.4.200.71: 11: disconnected by user
3636,pam_unix(sshd:session): session closed for user monitor
3637,Did not receive identification string from 10.4.200.71
3638,Accepted publickey for monitor from 10.4.200.71 port 42810 ssh2: RSA f7:53:57:a2:ef:8d:2d:ae:9f:0a:19:67:b6:6c:9f:95
3639,pam_systemd(sshd:session): Failed to create session: No such file or directory
3640,pam_unix(sshd:session): session opened for user monitor by (uid=0)
3641,Received disconnect from 10.4.200.71: 11: disconnected by user
3642,pam_unix(sshd:session): session closed for user monitor
3659,Did not receive identification string from 10.4.200.71
3661,Accepted publickey for monitor from 10.4.200.71 port 46051 ssh2: RSA f7:53:57:a2:ef:8d:2d:ae:9f:0a:19:67:b6:6c:9f:95
3662,pam_systemd(sshd:session): Failed to create session: No such file or directory
3663,pam_unix(sshd:session): session opened for user monitor by (uid=0)
3664,Received disconnect from 10.4.200.71: 11: disconnected by user
3665,pam_unix(sshd:session): session closed for user monitor
3668,Did not receive identification string from 10.4.200.71
3669,Accepted publickey for monitor from 10.4.200.71 port 48609 ssh2: RSA f7:53:57:a2:ef:8d:2d:ae:9f:0a:19:67:b6:6c:9f:95
3670,pam_systemd(sshd:session): Failed to create session: No such file or directory
3671,pam_unix(sshd:session): session opened for user monitor by (uid=0)
3672,Received disconnect from 10.4.200.71: 11: disconnected by user
3673,pam_unix(sshd:session): session closed for user monitor
3681,Did not receive identification string from 10.4.200.71
3683,Accepted publickey for monitor from 10.4.200.71 port 50609 ssh2: RSA f7:53:57:a2:ef:8d:2d:ae:9f:0a:19:67:b6:6c:9f:95
3684,pam_systemd(sshd:session): Failed to create session: No such file or directory
3685,pam_unix(sshd:session): session opened for user monitor by (uid=0)
3686,Received disconnect from 10.4.200.71: 11: disconnected by user
3687,pam_unix(sshd:session): session closed for user monitor
3722,Did not receive identification string from 10.4.200.71
3723,Accepted publickey for monitor from 10.4.200.71 port 53724 ssh2: RSA f7:53:57:a2:ef:8d:2d:ae:9f:0a:19:67:b6:6c:9f:95
3724,pam_systemd(sshd:session): Failed to create session: No such file or directory
3725,pam_unix(sshd:session): session opened for user monitor by (uid=0)
3726,Received disconnect from 10.4.200.71: 11: disconnected by user
3727,pam_unix(sshd:session): session closed for user monitor
3750,Did not receive identification string from 10.4.200.71
3751,Accepted publickey for monitor from 10.4.200.71 port 56292 ssh2: RSA f7:53:57:a2:ef:8d:2d:ae:9f:0a:19:67:b6:6c:9f:95
3752,pam_systemd(sshd:session): Failed to create session: No such file or directory
3753,pam_unix(sshd:session): session opened for user monitor by (uid=0)
3754,Received disconnect from 10.4.200.71: 11: disconnected by user
3755,pam_unix(sshd:session): session closed for user monitor
3764,Did not receive identification string from 10.4.200.71
3765,Accepted publickey for monitor from 10.4.200.71 port 59487 ssh2: RSA f7:53:57:a2:ef:8d:2d:ae:9f:0a:19:67:b6:6c:9f:95
3766,pam_systemd(sshd:session): Failed to create session: No such file or directory
3767,pam_unix(sshd:session): session opened for user monitor by (uid=0)
3768,Received disconnect from 10.4.200.71: 11: disconnected by user
3769,pam_unix(sshd:session): session closed for user monitor
3796,Did not receive identification string from 10.4.200.71
3797,Accepted publickey for monitor from 10.4.200.71 port 33032 ssh2: RSA f7:53:57:a2:ef:8d:2d:ae:9f:0a:19:67:b6:6c:9f:95
3798,pam_systemd(sshd:session): Failed to create session: No such file or directory
3799,pam_unix(sshd:session): session opened for user monitor by (uid=0)
3800,Received disconnect from 10.4.200.71: 11: disconnected by user
3801,pam_unix(sshd:session): session closed for user monitor
3809,Did not receive identification string from 10.4.200.71
3810,Accepted publickey for monitor from 10.4.200.71 port 35328 ssh2: RSA f7:53:57:a2:ef:8d:2d:ae:9f:0a:19:67:b6:6c:9f:95
3811,pam_systemd(sshd:session): Failed to create session: No such file or directory
3812,pam_unix(sshd:session): session opened for user monitor by (uid=0)
3813,Received disconnect from 10.4.200.71: 11: disconnected by user
3814,pam_unix(sshd:session): session closed for user monitor
3816,Did not receive identification string from 10.4.200.71
3818,Accepted publickey for monitor from 10.4.200.71 port 38277 ssh2: RSA f7:53:57:a2:ef:8d:2d:ae:9f:0a:19:67:b6:6c:9f:95
3819,pam_systemd(sshd:session): Failed to create session: No such file or directory
3820,pam_unix(sshd:session): session opened for user monitor by (uid=0)
3821,Received disconnect from 10.4.200.71: 11: disconnected by user
3822,pam_unix(sshd:session): session closed for user monitor
3838,Did not receive identification string from 10.4.200.71
3839,Accepted publickey for monitor from 10.4.200.71 port 41035 ssh2: RSA f7:53:57:a2:ef:8d:2d:ae:9f:0a:19:67:b6:6c:9f:95
3840,pam_systemd(sshd:session): Failed to create session: No such file or directory
3841,pam_unix(sshd:session): session opened for user monitor by (uid=0)
3842,Received disconnect from 10.4.200.71: 11: disconnected by user
3843,pam_unix(sshd:session): session closed for user monitor
3888,Did not receive identification string from 10.4.200.71
3889,Accepted publickey for monitor from 10.4.200.71 port 45692 ssh2: RSA f7:53:57:a2:ef:8d:2d:ae:9f:0a:19:67:b6:6c:9f:95
3890,pam_systemd(sshd:session): Failed to create session: No such file or directory
3891,pam_unix(sshd:session): session opened for user monitor by (uid=0)
3892,Received disconnect from 10.4.200.71: 11: disconnected by user
3893,pam_unix(sshd:session): session closed for user monitor
3894,Did not receive identification string from 10.4.200.71
3895,Accepted publickey for monitor from 10.4.200.71 port 47703 ssh2: RSA f7:53:57:a2:ef:8d:2d:ae:9f:0a:19:67:b6:6c:9f:95
3896,pam_systemd(sshd:session): Failed to create session: No such file or directory
3897,pam_unix(sshd:session): session opened for user monitor by (uid=0)
3898,Received disconnect from 10.4.200.71: 11: disconnected by user
3899,pam_unix(sshd:session): session closed for user monitor
3923,Did not receive identification string from 10.4.200.71
3924,Accepted publickey for monitor from 10.4.200.71 port 52340 ssh2: RSA f7:53:57:a2:ef:8d:2d:ae:9f:0a:19:67:b6:6c:9f:95
3925,pam_systemd(sshd:session): Failed to create session: No such file or directory
3926,pam_unix(sshd:session): session opened for user monitor by (uid=0)
3927,Received disconnect from 10.4.200.71: 11: disconnected by user
3928,pam_unix(sshd:session): session closed for user monitor
3936,Did not receive identification string from 10.4.200.71
3937,Accepted publickey for monitor from 10.4.200.71 port 54346 ssh2: RSA f7:53:57:a2:ef:8d:2d:ae:9f:0a:19:67:b6:6c:9f:95
3938,pam_systemd(sshd:session): Failed to create session: No such file or directory
3939,pam_unix(sshd:session): session opened for user monitor by (uid=0)
3940,Received disconnect from 10.4.200.71: 11: disconnected by user
3941,pam_unix(sshd:session): session closed for user monitor
3968,Did not receive identification string from 10.4.200.71
3969,Accepted publickey for monitor from 10.4.200.71 port 56121 ssh2: RSA f7:53:57:a2:ef:8d:2d:ae:9f:0a:19:67:b6:6c:9f:95
3970,pam_systemd(sshd:session): Failed to create session: No such file or directory
3971,pam_unix(sshd:session): session opened for user monitor by (uid=0)
3972,Received disconnect from 10.4.200.71: 11: disconnected by user
3973,pam_unix(sshd:session): session closed for user monitor
3981,Did not receive identification string from 10.4.200.71
3982,Accepted publickey for monitor from 10.4.200.71 port 58425 ssh2: RSA f7:53:57:a2:ef:8d:2d:ae:9f:0a:19:67:b6:6c:9f:95
3983,pam_systemd(sshd:session): Failed to create session: No such file or directory
3984,pam_unix(sshd:session): session opened for user monitor by (uid=0)
3985,Received disconnect from 10.4.200.71: 11: disconnected by user
3986,pam_unix(sshd:session): session closed for user monitor
3989,Did not receive identification string from 10.4.200.71
3991,Accepted publickey for monitor from 10.4.200.71 port 33035 ssh2: RSA f7:53:57:a2:ef:8d:2d:ae:9f:0a:19:67:b6:6c:9f:95
3992,pam_systemd(sshd:session): Failed to create session: No such file or directory
3993,pam_unix(sshd:session): session opened for user monitor by (uid=0)
3994,Received disconnect from 10.4.200.71: 11: disconnected by user
3995,pam_unix(sshd:session): session closed for user monitor
4011,Did not receive identification string from 10.4.200.71
4012,Accepted publickey for monitor from 10.4.200.71 port 35945 ssh2: RSA f7:53:57:a2:ef:8d:2d:ae:9f:0a:19:67:b6:6c:9f:95
4013,pam_systemd(sshd:session): Failed to create session: No such file or directory
4014,pam_unix(sshd:session): session opened for user monitor by (uid=0)
4015,Received disconnect from 10.4.200.71: 11: disconnected by user
4016,pam_unix(sshd:session): session closed for user monitor
4026,Did not receive identification string from 10.4.200.71
4027,Accepted publickey for monitor from 10.4.200.71 port 38215 ssh2: RSA f7:53:57:a2:ef:8d:2d:ae:9f:0a:19:67:b6:6c:9f:95
4033,pam_unix(sshd:session): session opened for user monitor by (uid=0)
4034,Received disconnect from 10.4.200.71: 11: disconnected by user
4035,pam_unix(sshd:session): session closed for user monitor
4067,Did not receive identification string from 10.4.200.71
4068,Accepted publickey for monitor from 10.4.200.71 port 40050 ssh2: RSA f7:53:57:a2:ef:8d:2d:ae:9f:0a:19:67:b6:6c:9f:95
4074,pam_unix(sshd:session): session opened for user monitor by (uid=0)
4075,Received disconnect from 10.4.200.71: 11: disconnected by user
4076,pam_unix(sshd:session): session closed for user monitor
4088,Did not receive identification string from 10.4.200.71
4089,Accepted publickey for monitor from 10.4.200.71 port 41987 ssh2: RSA f7:53:57:a2:ef:8d:2d:ae:9f:0a:19:67:b6:6c:9f:95
4095,pam_unix(sshd:session): session opened for user monitor by (uid=0)
4096,Received disconnect from 10.4.200.71: 11: disconnected by user
4097,pam_unix(sshd:session): session closed for user monitor
4102,Did not receive identification string from 10.4.200.71
4103,Accepted publickey for monitor from 10.4.200.71 port 44701 ssh2: RSA f7:53:57:a2:ef:8d:2d:ae:9f:0a:19:67:b6:6c:9f:95
4109,pam_unix(sshd:session): session opened for user monitor by (uid=0)
4110,Received disconnect from 10.4.200.71: 11: disconnected by user
4111,pam_unix(sshd:session): session closed for user monitor
4136,Did not receive identification string from 10.4.200.71
4137,Accepted publickey for monitor from 10.4.200.71 port 47559 ssh2: RSA f7:53:57:a2:ef:8d:2d:ae:9f:0a:19:67:b6:6c:9f:95
4143,pam_unix(sshd:session): session opened for user monitor by (uid=0)
4144,Received disconnect from 10.4.200.71: 11: disconnected by user
4145,pam_unix(sshd:session): session closed for user monitor
4150,Did not receive identification string from 10.4.200.71
4151,Accepted publickey for monitor from 10.4.200.71 port 50225 ssh2: RSA f7:53:57:a2:ef:8d:2d:ae:9f:0a:19:67:b6:6c:9f:95
4157,pam_unix(sshd:session): session opened for user monitor by (uid=0)
4158,Received disconnect from 10.4.200.71: 11: disconnected by user
4159,pam_unix(sshd:session): session closed for user monitor
4188,Did not receive identification string from 10.4.200.71
4190,Accepted publickey for monitor from 10.4.200.71 port 52076 ssh2: RSA f7:53:57:a2:ef:8d:2d:ae:9f:0a:19:67:b6:6c:9f:95
4196,pam_unix(sshd:session): session opened for user monitor by (uid=0)
4197,Received disconnect from 10.4.200.71: 11: disconnected by user
4198,pam_unix(sshd:session): session closed for user monitor
4210,Did not receive identification string from 10.4.200.71
4211,Accepted publickey for monitor from 10.4.200.71 port 53810 ssh2: RSA f7:53:57:a2:ef:8d:2d:ae:9f:0a:19:67:b6:6c:9f:95
4217,pam_unix(sshd:session): session opened for user monitor by (uid=0)
4218,Received disconnect from 10.4.200.71: 11: disconnected by user
4219,pam_unix(sshd:session): session closed for user monitor
4230,Did not receive identification string from 10.4.200.71
4231,Accepted publickey for monitor from 10.4.200.71 port 56246 ssh2: RSA f7:53:57:a2:ef:8d:2d:ae:9f:0a:19:67:b6:6c:9f:95
4237,pam_unix(sshd:session): session opened for user monitor by (uid=0)
4238,Received disconnect from 10.4.200.71: 11: disconnected by user
4239,pam_unix(sshd:session): session closed for user monitor
4253,Did not receive identification string from 10.4.200.71
4254,Accepted publickey for monitor from 10.4.200.71 port 59039 ssh2: RSA f7:53:57:a2:ef:8d:2d:ae:9f:0a:19:67:b6:6c:9f:95
4260,pam_unix(sshd:session): session opened for user monitor by (uid=0)
4261,Received disconnect from 10.4.200.71: 11: disconnected by user
4262,pam_unix(sshd:session): session closed for user monitor
4273,Did not receive identification string from 10.4.200.71
4274,Accepted publickey for monitor from 10.4.200.71 port 33732 ssh2: RSA f7:53:57:a2:ef:8d:2d:ae:9f:0a:19:67:b6:6c:9f:95
4280,pam_unix(sshd:session): session opened for user monitor by (uid=0)
4281,Received disconnect from 10.4.200.71: 11: disconnected by user
4282,pam_unix(sshd:session): session closed for user monitor
4296,Did not receive identification string from 10.4.200.71
4297,Accepted publickey for monitor from 10.4.200.71 port 35753 ssh2: RSA f7:53:57:a2:ef:8d:2d:ae:9f:0a:19:67:b6:6c:9f:95
4303,pam_unix(sshd:session): session opened for user monitor by (uid=0)
4304,Received disconnect from 10.4.200.71: 11: disconnected by user
4305,pam_unix(sshd:session): session closed for user monitor
4335,Did not receive identification string from 10.4.200.71
4337,Accepted publickey for monitor from 10.4.200.71 port 37509 ssh2: RSA f7:53:57:a2:ef:8d:2d:ae:9f:0a:19:67:b6:6c:9f:95
4343,pam_unix(sshd:session): session opened for user monitor by (uid=0)
4344,Received disconnect from 10.4.200.71: 11: disconnected by user
4345,pam_unix(sshd:session): session closed for user monitor
4356,Did not receive identification string from 10.4.200.71
4357,Accepted publickey for monitor from 10.4.200.71 port 39902 ssh2: RSA f7:53:57:a2:ef:8d:2d:ae:9f:0a:19:67:b6:6c:9f:95
4363,pam_unix(sshd:session): session opened for user monitor by (uid=0)
4364,Received disconnect from 10.4.200.71: 11: disconnected by user
4365,pam_unix(sshd:session): session closed for user monitor
4371,Did not receive identification string from 10.4.200.71
4372,Accepted publickey for monitor from 10.4.200.71 port 42435 ssh2: RSA f7:53:57:a2:ef:8d:2d:ae:9f:0a:19:67:b6:6c:9f:95
4378,pam_unix(sshd:session): session opened for user monitor by (uid=0)
4379,Received disconnect from 10.4.200.71: 11: disconnected by user
4380,pam_unix(sshd:session): session closed for user monitor
4405,Did not receive identification string from 10.4.200.71
4406,Accepted publickey for monitor from 10.4.200.71 port 45386 ssh2: RSA f7:53:57:a2:ef:8d:2d:ae:9f:0a:19:67:b6:6c:9f:95
4412,pam_unix(sshd:session): session opened for user monitor by (uid=0)
4413,Received disconnect from 10.4.200.71: 11: disconnected by user
4414,pam_unix(sshd:session): session closed for user monitor
4426,Did not receive identification string from 10.4.200.71
4427,Accepted publickey for monitor from 10.4.200.71 port 47835 ssh2: RSA f7:53:57:a2:ef:8d:2d:ae:9f:0a:19:67:b6:6c:9f:95
4433,pam_unix(sshd:session): session opened for user monitor by (uid=0)
4434,Received disconnect from 10.4.200.71: 11: disconnected by user
4435,pam_unix(sshd:session): session closed for user monitor
4464,Did not receive identification string from 10.4.200.71
4465,Accepted publickey for monitor from 10.4.200.71 port 49644 ssh2: RSA f7:53:57:a2:ef:8d:2d:ae:9f:0a:19:67:b6:6c:9f:95
4471,pam_unix(sshd:session): session opened for user monitor by (uid=0)
4472,Received disconnect from 10.4.200.71: 11: disconnected by user
4473,pam_unix(sshd:session): session closed for user monitor
4485,Did not receive identification string from 10.4.200.71
4486,Accepted publickey for monitor from 10.4.200.71 port 51672 ssh2: RSA f7:53:57:a2:ef:8d:2d:ae:9f:0a:19:67:b6:6c:9f:95
4492,pam_unix(sshd:session): session opened for user monitor by (uid=0)
4493,Received disconnect from 10.4.200.71: 11: disconnected by user
4494,pam_unix(sshd:session): session closed for user monitor
4499,Did not receive identification string from 10.4.200.71
4501,Accepted publickey for monitor from 10.4.200.71 port 54351 ssh2: RSA f7:53:57:a2:ef:8d:2d:ae:9f:0a:19:67:b6:6c:9f:95
4507,pam_unix(sshd:session): session opened for user monitor by (uid=0)
4508,Received disconnect from 10.4.200.71: 11: disconnected by user
4509,pam_unix(sshd:session): session closed for user monitor
4527,Did not receive identification string from 10.4.200.71
4529,Accepted publickey for monitor from 10.4.200.71 port 57239 ssh2: RSA f7:53:57:a2:ef:8d:2d:ae:9f:0a:19:67:b6:6c:9f:95
4535,pam_unix(sshd:session): session opened for user monitor by (uid=0)
4536,Received disconnect from 10.4.200.71: 11: disconnected by user
4537,pam_unix(sshd:session): session closed for user monitor
4542,Did not receive identification string from 10.4.200.71
4544,Accepted publickey for monitor from 10.4.200.71 port 59621 ssh2: RSA f7:53:57:a2:ef:8d:2d:ae:9f:0a:19:67:b6:6c:9f:95
4550,pam_unix(sshd:session): session opened for user monitor by (uid=0)
4551,Received disconnect from 10.4.200.71: 11: disconnected by user
4552,pam_unix(sshd:session): session closed for user monitor
4589,Did not receive identification string from 10.4.200.71
4590,Accepted publickey for monitor from 10.4.200.71 port 33202 ssh2: RSA f7:53:57:a2:ef:8d:2d:ae:9f:0a:19:67:b6:6c:9f:95
4596,pam_unix(sshd:session): session opened for user monitor by (uid=0)
4597,Received disconnect from 10.4.200.71: 11: disconnected by user
4598,pam_unix(sshd:session): session closed for user monitor
4617,Did not receive identification string from 10.4.200.71
4618,Accepted publickey for monitor from 10.4.200.71 port 35119 ssh2: RSA f7:53:57:a2:ef:8d:2d:ae:9f:0a:19:67:b6:6c:9f:95
4624,pam_unix(sshd:session): session opened for user monitor by (uid=0)
4625,Received disconnect from 10.4.200.71: 11: disconnected by user
4626,pam_unix(sshd:session): session closed for user monitor
4630,Did not receive identification string from 10.4.200.71
4631,Accepted publickey for monitor from 10.4.200.71 port 37694 ssh2: RSA f7:53:57:a2:ef:8d:2d:ae:9f:0a:19:67:b6:6c:9f:95
4637,pam_unix(sshd:session): session opened for user monitor by (uid=0)
4638,Received disconnect from 10.4.200.71: 11: disconnected by user
4639,pam_unix(sshd:session): session closed for user monitor
4665,Did not receive identification string from 10.4.200.71
4666,Accepted publickey for monitor from 10.4.200.71 port 40421 ssh2: RSA f7:53:57:a2:ef:8d:2d:ae:9f:0a:19:67:b6:6c:9f:95
4672,pam_unix(sshd:session): session opened for user monitor by (uid=0)
4673,Received disconnect from 10.4.200.71: 11: disconnected by user
4674,pam_unix(sshd:session): session closed for user monitor
4679,Did not receive identification string from 10.4.200.71
4680,Accepted publickey for monitor from 10.4.200.71 port 43054 ssh2: RSA f7:53:57:a2:ef:8d:2d:ae:9f:0a:19:67:b6:6c:9f:95
4686,pam_unix(sshd:session): session opened for user monitor by (uid=0)
4687,Received disconnect from 10.4.200.71: 11: disconnected by user
4688,pam_unix(sshd:session): session closed for user monitor
4717,Did not receive identification string from 10.4.200.71
4718,Accepted publickey for monitor from 10.4.200.71 port 44919 ssh2: RSA f7:53:57:a2:ef:8d:2d:ae:9f:0a:19:67:b6:6c:9f:95
4724,pam_unix(sshd:session): session opened for user monitor by (uid=0)
4725,Received disconnect from 10.4.200.71: 11: disconnected by user
4726,pam_unix(sshd:session): session closed for user monitor
4738,Did not receive identification string from 10.4.200.71
4739,Accepted publickey for monitor from 10.4.200.71 port 46683 ssh2: RSA f7:53:57:a2:ef:8d:2d:ae:9f:0a:19:67:b6:6c:9f:95
4745,pam_unix(sshd:session): session opened for user monitor by (uid=0)
4746,Received disconnect from 10.4.200.71: 11: disconnected by user
4747,pam_unix(sshd:session): session closed for user monitor
4759,Did not receive identification string from 10.4.200.71
4760,Accepted publickey for monitor from 10.4.200.71 port 49154 ssh2: RSA f7:53:57:a2:ef:8d:2d:ae:9f:0a:19:67:b6:6c:9f:95
4766,pam_unix(sshd:session): session opened for user monitor by (uid=0)
4767,Received disconnect from 10.4.200.71: 11: disconnected by user
4768,pam_unix(sshd:session): session closed for user monitor
4788,Did not receive identification string from 10.4.200.71
4790,Accepted publickey for monitor from 10.4.200.71 port 51882 ssh2: RSA f7:53:57:a2:ef:8d:2d:ae:9f:0a:19:67:b6:6c:9f:95
4796,pam_unix(sshd:session): session opened for user monitor by (uid=0)
4797,Received disconnect from 10.4.200.71: 11: disconnected by user
4798,pam_unix(sshd:session): session closed for user monitor
4802,Did not receive identification string from 10.4.200.71
4804,Accepted publickey for monitor from 10.4.200.71 port 54518 ssh2: RSA f7:53:57:a2:ef:8d:2d:ae:9f:0a:19:67:b6:6c:9f:95
4810,pam_unix(sshd:session): session opened for user monitor by (uid=0)
4811,Received disconnect from 10.4.200.71: 11: disconnected by user
4812,pam_unix(sshd:session): session closed for user monitor
4824,Did not receive identification string from 10.4.200.71
4826,Accepted publickey for monitor from 10.4.200.71 port 56489 ssh2: RSA f7:53:57:a2:ef:8d:2d:ae:9f:0a:19:67:b6:6c:9f:95
4832,pam_unix(sshd:session): session opened for user monitor by (uid=0)
4833,Received disconnect from 10.4.200.71: 11: disconnected by user
4834,pam_unix(sshd:session): session closed for user monitor
4864,Did not receive identification string from 10.4.200.71
4865,Accepted publickey for monitor from 10.4.200.71 port 58227 ssh2: RSA f7:53:57:a2:ef:8d:2d:ae:9f:0a:19:67:b6:6c:9f:95
4871,pam_unix(sshd:session): session opened for user monitor by (uid=0)
4872,Received disconnect from 10.4.200.71: 11: disconnected by user
4873,pam_unix(sshd:session): session closed for user monitor
4885,Did not receive identification string from 10.4.200.71
4886,Accepted publickey for monitor from 10.4.200.71 port 60581 ssh2: RSA f7:53:57:a2:ef:8d:2d:ae:9f:0a:19:67:b6:6c:9f:95
4892,pam_unix(sshd:session): session opened for user monitor by (uid=0)
4893,Received disconnect from 10.4.200.71: 11: disconnected by user
4894,pam_unix(sshd:session): session closed for user monitor
4906,Did not receive identification string from 10.4.200.71
4907,Accepted publickey for monitor from 10.4.200.71 port 35071 ssh2: RSA f7:53:57:a2:ef:8d:2d:ae:9f:0a:19:67:b6:6c:9f:95
4913,pam_unix(sshd:session): session opened for user monitor by (uid=0)
4914,Received disconnect from 10.4.200.71: 11: disconnected by user
4915,pam_unix(sshd:session): session closed for user monitor
4933,Did not receive identification string from 10.4.200.71
4934,Accepted publickey for monitor from 10.4.200.71 port 37818 ssh2: RSA f7:53:57:a2:ef:8d:2d:ae:9f:0a:19:67:b6:6c:9f:95
4940,pam_unix(sshd:session): session opened for user monitor by (uid=0)
4941,Received disconnect from 10.4.200.71: 11: disconnected by user
4942,pam_unix(sshd:session): session closed for user monitor
4954,Did not receive identification string from 10.4.200.71
4955,Accepted publickey for monitor from 10.4.200.71 port 39782 ssh2: RSA f7:53:57:a2:ef:8d:2d:ae:9f:0a:19:67:b6:6c:9f:95
4961,pam_unix(sshd:session): session opened for user monitor by (uid=0)
4962,Received disconnect from 10.4.200.71: 11: disconnected by user
4963,pam_unix(sshd:session): session closed for user monitor
4993,Did not receive identification string from 10.4.200.71
4994,Accepted publickey for monitor from 10.4.200.71 port 41541 ssh2: RSA f7:53:57:a2:ef:8d:2d:ae:9f:0a:19:67:b6:6c:9f:95
5000,pam_unix(sshd:session): session opened for user monitor by (uid=0)
5001,Received disconnect from 10.4.200.71: 11: disconnected by user
5002,pam_unix(sshd:session): session closed for user monitor
5013,Did not receive identification string from 10.4.200.71
5014,Accepted publickey for monitor from 10.4.200.71 port 43905 ssh2: RSA f7:53:57:a2:ef:8d:2d:ae:9f:0a:19:67:b6:6c:9f:95
5020,pam_unix(sshd:session): session opened for user monitor by (uid=0)
5021,Received disconnect from 10.4.200.71: 11: disconnected by user
5022,pam_unix(sshd:session): session closed for user monitor
5035,Did not receive identification string from 10.4.200.71
5037,Accepted publickey for monitor from 10.4.200.71 port 46722 ssh2: RSA f7:53:57:a2:ef:8d:2d:ae:9f:0a:19:67:b6:6c:9f:95
5043,pam_unix(sshd:session): session opened for user monitor by (uid=0)
5044,Received disconnect from 10.4.200.71: 11: disconnected by user
5045,pam_unix(sshd:session): session closed for user monitor
5057,Did not receive identification string from 10.4.200.71
5058,Accepted publickey for monitor from 10.4.200.71 port 49544 ssh2: RSA f7:53:57:a2:ef:8d:2d:ae:9f:0a:19:67:b6:6c:9f:95
5064,pam_unix(sshd:session): session opened for user monitor by (uid=0)
5065,Received disconnect from 10.4.200.71: 11: disconnected by user
5066,pam_unix(sshd:session): session closed for user monitor
5078,Did not receive identification string from 10.4.200.71
5079,Accepted publickey for monitor from 10.4.200.71 port 51575 ssh2: RSA f7:53:57:a2:ef:8d:2d:ae:9f:0a:19:67:b6:6c:9f:95
5085,pam_unix(sshd:session): session opened for user monitor by (uid=0)
5086,Received disconnect from 10.4.200.71: 11: disconnected by user
5087,pam_unix(sshd:session): session closed for user monitor
5117,Did not receive identification string from 10.4.200.71
5119,Accepted publickey for monitor from 10.4.200.71 port 53341 ssh2: RSA f7:53:57:a2:ef:8d:2d:ae:9f:0a:19:67:b6:6c:9f:95
5125,pam_unix(sshd:session): session opened for user monitor by (uid=0)
5126,Received disconnect from 10.4.200.71: 11: disconnected by user
5127,pam_unix(sshd:session): session closed for user monitor
5138,Did not receive identification string from 10.4.200.71
5140,Accepted publickey for monitor from 10.4.200.71 port 55596 ssh2: RSA f7:53:57:a2:ef:8d:2d:ae:9f:0a:19:67:b6:6c:9f:95
5146,pam_unix(sshd:session): session opened for user monitor by (uid=0)
5147,Received disconnect from 10.4.200.71: 11: disconnected by user
5148,pam_unix(sshd:session): session closed for user monitor
5153,Did not receive identification string from 10.4.200.71
5154,Accepted publickey for monitor from 10.4.200.71 port 58287 ssh2: RSA f7:53:57:a2:ef:8d:2d:ae:9f:0a:19:67:b6:6c:9f:95
5160,pam_unix(sshd:session): session opened for user monitor by (uid=0)
5161,Received disconnect from 10.4.200.71: 11: disconnected by user
5162,pam_unix(sshd:session): session closed for user monitor
5187,Did not receive identification string from 10.4.200.71
5188,Accepted publickey for monitor from 10.4.200.71 port 32971 ssh2: RSA f7:53:57:a2:ef:8d:2d:ae:9f:0a:19:67:b6:6c:9f:95
5194,pam_unix(sshd:session): session opened for user monitor by (uid=0)
5195,Received disconnect from 10.4.200.71: 11: disconnected by user
5196,pam_unix(sshd:session): session closed for user monitor
5208,Did not receive identification string from 10.4.200.71
5209,Accepted publickey for monitor from 10.4.200.71 port 35089 ssh2: RSA f7:53:57:a2:ef:8d:2d:ae:9f:0a:19:67:b6:6c:9f:95
5215,pam_unix(sshd:session): session opened for user monitor by (uid=0)
5216,Received disconnect from 10.4.200.71: 11: disconnected by user
5217,pam_unix(sshd:session): session closed for user monitor
5246,Did not receive identification string from 10.4.200.71
5247,Accepted publickey for monitor from 10.4.200.71 port 36866 ssh2: RSA f7:53:57:a2:ef:8d:2d:ae:9f:0a:19:67:b6:6c:9f:95
5253,pam_unix(sshd:session): session opened for user monitor by (uid=0)
5254,Received disconnect from 10.4.200.71: 11: disconnected by user
5255,pam_unix(sshd:session): session closed for user monitor
5267,Did not receive identification string from 10.4.200.71
5268,Accepted publickey for monitor from 10.4.200.71 port 39064 ssh2: RSA f7:53:57:a2:ef:8d:2d:ae:9f:0a:19:67:b6:6c:9f:95
5274,pam_unix(sshd:session): session opened for user monitor by (uid=0)
5275,Received disconnect from 10.4.200.71: 11: disconnected by user
5276,pam_unix(sshd:session): session closed for user monitor
5281,Did not receive identification string from 10.4.200.71
5283,Accepted publickey for monitor from 10.4.200.71 port 41663 ssh2: RSA f7:53:57:a2:ef:8d:2d:ae:9f:0a:19:67:b6:6c:9f:95
5289,pam_unix(sshd:session): session opened for user monitor by (uid=0)
5290,Received disconnect from 10.4.200.71: 11: disconnected by user
5291,pam_unix(sshd:session): session closed for user monitor
5309,Did not receive identification string from 10.4.200.71
5310,Accepted publickey for monitor from 10.4.200.71 port 44599 ssh2: RSA f7:53:57:a2:ef:8d:2d:ae:9f:0a:19:67:b6:6c:9f:95
5316,pam_unix(sshd:session): session opened for user monitor by (uid=0)
5317,Received disconnect from 10.4.200.71: 11: disconnected by user
5318,pam_unix(sshd:session): session closed for user monitor
5331,Did not receive identification string from 10.4.200.71
5332,Accepted publickey for monitor from 10.4.200.71 port 46760 ssh2: RSA f7:53:57:a2:ef:8d:2d:ae:9f:0a:19:67:b6:6c:9f:95
5338,pam_unix(sshd:session): session opened for user monitor by (uid=0)
5339,Received disconnect from 10.4.200.71: 11: disconnected by user
5340,pam_unix(sshd:session): session closed for user monitor
5370,Did not receive identification string from 10.4.200.71
5371,Accepted publickey for monitor from 10.4.200.71 port 48571 ssh2: RSA f7:53:57:a2:ef:8d:2d:ae:9f:0a:19:67:b6:6c:9f:95
5377,pam_unix(sshd:session): session opened for user monitor by (uid=0)
5378,Received disconnect from 10.4.200.71: 11: disconnected by user
5379,pam_unix(sshd:session): session closed for user monitor
5391,Did not receive identification string from 10.4.200.71
5393,Accepted publickey for monitor from 10.4.200.71 port 50626 ssh2: RSA f7:53:57:a2:ef:8d:2d:ae:9f:0a:19:67:b6:6c:9f:95
5399,pam_unix(sshd:session): session opened for user monitor by (uid=0)
5400,Received disconnect from 10.4.200.71: 11: disconnected by user
5401,pam_unix(sshd:session): session closed for user monitor
5408,Did not receive identification string from 10.4.200.71
5409,Accepted publickey for monitor from 10.4.200.71 port 53305 ssh2: RSA f7:53:57:a2:ef:8d:2d:ae:9f:0a:19:67:b6:6c:9f:95
5415,pam_unix(sshd:session): session opened for user monitor by (uid=0)
5416,Received disconnect from 10.4.200.71: 11: disconnected by user
5417,pam_unix(sshd:session): session closed for user monitor
5442,Did not receive identification string from 10.4.200.71
5443,Accepted publickey for monitor from 10.4.200.71 port 56228 ssh2: RSA f7:53:57:a2:ef:8d:2d:ae:9f:0a:19:67:b6:6c:9f:95
5449,pam_unix(sshd:session): session opened for user monitor by (uid=0)
5450,Received disconnect from 10.4.200.71: 11: disconnected by user
5451,pam_unix(sshd:session): session closed for user monitor
5466,Did not receive identification string from 10.4.200.71
5467,Accepted publickey for monitor from 10.4.200.71 port 58419 ssh2: RSA f7:53:57:a2:ef:8d:2d:ae:9f:0a:19:67:b6:6c:9f:95
5473,pam_unix(sshd:session): session opened for user monitor by (uid=0)
5474,Received disconnect from 10.4.200.71: 11: disconnected by user
5475,pam_unix(sshd:session): session closed for user monitor
5504,Did not receive identification string from 10.4.200.71
5505,Accepted publickey for monitor from 10.4.200.71 port 60260 ssh2: RSA f7:53:57:a2:ef:8d:2d:ae:9f:0a:19:67:b6:6c:9f:95
5511,pam_unix(sshd:session): session opened for user monitor by (uid=0)
5512,Received disconnect from 10.4.200.71: 11: disconnected by user
5513,pam_unix(sshd:session): session closed for user monitor
5525,Did not receive identification string from 10.4.200.71
5526,Accepted publickey for monitor from 10.4.200.71 port 34051 ssh2: RSA f7:53:57:a2:ef:8d:2d:ae:9f:0a:19:67:b6:6c:9f:95
5532,pam_unix(sshd:session): session opened for user monitor by (uid=0)
5533,Received disconnect from 10.4.200.71: 11: disconnected by user
5534,pam_unix(sshd:session): session closed for user monitor
5540,Did not receive identification string from 10.4.200.71
5542,Accepted publickey for monitor from 10.4.200.71 port 36684 ssh2: RSA f7:53:57:a2:ef:8d:2d:ae:9f:0a:19:67:b6:6c:9f:95
5548,pam_unix(sshd:session): session opened for user monitor by (uid=0)
5549,Received disconnect from 10.4.200.71: 11: disconnected by user
5550,pam_unix(sshd:session): session closed for user monitor
5569,Did not receive identification string from 10.4.200.71
5571,Accepted publickey for monitor from 10.4.200.71 port 39600 ssh2: RSA f7:53:57:a2:ef:8d:2d:ae:9f:0a:19:67:b6:6c:9f:95
5577,pam_unix(sshd:session): session opened for user monitor by (uid=0)
5578,Received disconnect from 10.4.200.71: 11: disconnected by user
5579,pam_unix(sshd:session): session closed for user monitor
5584,Did not receive identification string from 10.4.200.71
5585,Accepted publickey for monitor from 10.4.200.71 port 41865 ssh2: RSA f7:53:57:a2:ef:8d:2d:ae:9f:0a:19:67:b6:6c:9f:95
5591,pam_unix(sshd:session): session opened for user monitor by (uid=0)
5592,Received disconnect from 10.4.200.71: 11: disconnected by user
5593,pam_unix(sshd:session): session closed for user monitor
5623,Did not receive identification string from 10.4.200.71
5624,Accepted publickey for monitor from 10.4.200.71 port 43677 ssh2: RSA f7:53:57:a2:ef:8d:2d:ae:9f:0a:19:67:b6:6c:9f:95
5630,pam_unix(sshd:session): session opened for user monitor by (uid=0)
5631,Received disconnect from 10.4.200.71: 11: disconnected by user
5632,pam_unix(sshd:session): session closed for user monitor
5651,Did not receive identification string from 10.4.200.71
5652,Accepted publickey for monitor from 10.4.200.71 port 45618 ssh2: RSA f7:53:57:a2:ef:8d:2d:ae:9f:0a:19:67:b6:6c:9f:95
5658,pam_unix(sshd:session): session opened for user monitor by (uid=0)
5659,Received disconnect from 10.4.200.71: 11: disconnected by user
5660,pam_unix(sshd:session): session closed for user monitor
5665,Did not receive identification string from 10.4.200.71
5666,Accepted publickey for monitor from 10.4.200.71 port 48281 ssh2: RSA f7:53:57:a2:ef:8d:2d:ae:9f:0a:19:67:b6:6c:9f:95
5672,pam_unix(sshd:session): session opened for user monitor by (uid=0)
5673,Received disconnect from 10.4.200.71: 11: disconnected by user
5674,pam_unix(sshd:session): session closed for user monitor
5699,Did not receive identification string from 10.4.200.71
5700,Accepted publickey for monitor from 10.4.200.71 port 51138 ssh2: RSA f7:53:57:a2:ef:8d:2d:ae:9f:0a:19:67:b6:6c:9f:95
5706,pam_unix(sshd:session): session opened for user monitor by (uid=0)
5707,Received disconnect from 10.4.200.71: 11: disconnected by user
5708,pam_unix(sshd:session): session closed for user monitor
5713,Did not receive identification string from 10.4.200.71
5714,Accepted publickey for monitor from 10.4.200.71 port 53502 ssh2: RSA f7:53:57:a2:ef:8d:2d:ae:9f:0a:19:67:b6:6c:9f:95
5720,pam_unix(sshd:session): session opened for user monitor by (uid=0)
5721,Received disconnect from 10.4.200.71: 11: disconnected by user
5722,pam_unix(sshd:session): session closed for user monitor
5751,Did not receive identification string from 10.4.200.71
5752,Accepted publickey for monitor from 10.4.200.71 port 55338 ssh2: RSA f7:53:57:a2:ef:8d:2d:ae:9f:0a:19:67:b6:6c:9f:95
5758,pam_unix(sshd:session): session opened for user monitor by (uid=0)
5759,Received disconnect from 10.4.200.71: 11: disconnected by user
5760,pam_unix(sshd:session): session closed for user monitor
5779,Did not receive identification string from 10.4.200.71
5780,Accepted publickey for monitor from 10.4.200.71 port 57254 ssh2: RSA f7:53:57:a2:ef:8d:2d:ae:9f:0a:19:67:b6:6c:9f:95
5786,pam_unix(sshd:session): session opened for user monitor by (uid=0)
5787,Received disconnect from 10.4.200.71: 11: disconnected by user
5788,pam_unix(sshd:session): session closed for user monitor
5792,Did not receive identification string from 10.4.200.71
5793,Accepted publickey for monitor from 10.4.200.71 port 59884 ssh2: RSA f7:53:57:a2:ef:8d:2d:ae:9f:0a:19:67:b6:6c:9f:95
5799,pam_unix(sshd:session): session opened for user monitor by (uid=0)
5800,Received disconnect from 10.4.200.71: 11: disconnected by user
5801,pam_unix(sshd:session): session closed for user monitor
5822,Did not receive identification string from 10.4.200.71
5824,Accepted publickey for monitor from 10.4.200.71 port 34502 ssh2: RSA f7:53:57:a2:ef:8d:2d:ae:9f:0a:19:67:b6:6c:9f:95
5830,pam_unix(sshd:session): session opened for user monitor by (uid=0)
5831,Received disconnect from 10.4.200.71: 11: disconnected by user
5832,pam_unix(sshd:session): session closed for user monitor
5837,Did not receive identification string from 10.4.200.71
5839,Accepted publickey for monitor from 10.4.200.71 port 36931 ssh2: RSA f7:53:57:a2:ef:8d:2d:ae:9f:0a:19:67:b6:6c:9f:95
5845,pam_unix(sshd:session): session opened for user monitor by (uid=0)
5846,Received disconnect from 10.4.200.71: 11: disconnected by user
5847,pam_unix(sshd:session): session closed for user monitor
5876,Did not receive identification string from 10.4.200.71
5877,Accepted publickey for monitor from 10.4.200.71 port 38792 ssh2: RSA f7:53:57:a2:ef:8d:2d:ae:9f:0a:19:67:b6:6c:9f:95
5883,pam_unix(sshd:session): session opened for user monitor by (uid=0)
5884,Received disconnect from 10.4.200.71: 11: disconnected by user
5885,pam_unix(sshd:session): session closed for user monitor
5904,Did not receive identification string from 10.4.200.71
5905,Accepted publickey for monitor from 10.4.200.71 port 40576 ssh2: RSA f7:53:57:a2:ef:8d:2d:ae:9f:0a:19:67:b6:6c:9f:95
5911,pam_unix(sshd:session): session opened for user monitor by (uid=0)
5912,Received disconnect from 10.4.200.71: 11: disconnected by user
5913,pam_unix(sshd:session): session closed for user monitor
5924,Did not receive identification string from 10.4.200.71
5926,Accepted publickey for monitor from 10.4.200.71 port 43192 ssh2: RSA f7:53:57:a2:ef:8d:2d:ae:9f:0a:19:67:b6:6c:9f:95
5932,pam_unix(sshd:session): session opened for user monitor by (uid=0)
5933,Received disconnect from 10.4.200.71: 11: disconnected by user
5934,pam_unix(sshd:session): session closed for user monitor
