3540,New session 47 of user root.
3546,Removed session 47.
4030,New session 102 of user monitor.
4036,Removed session 102.
4071,New session 104 of user monitor.
4077,Removed session 104.
4092,New session 106 of user monitor.
4098,Removed session 106.
4106,New session 107 of user monitor.
4112,Removed session 107.
4140,New session 111 of user monitor.
4146,Removed session 111.
4154,New session 112 of user monitor.
4160,Removed session 112.
4193,New session 114 of user monitor.
4199,Removed session 114.
4214,New session 116 of user monitor.
4220,Removed session 116.
4234,New session 118 of user monitor.
4240,Removed session 118.
4257,New session 120 of user monitor.
4263,Removed session 120.
4277,New session 122 of user monitor.
4283,Removed session 122.
4300,New session 124 of user monitor.
4306,Removed session 124.
4340,New session 126 of user monitor.
4346,Removed session 126.
4360,New session 128 of user monitor.
4366,Removed session 128.
4375,New session 129 of user monitor.
4381,Removed session 129.
4409,New session 133 of user monitor.
4415,Removed session 133.
4430,New session 135 of user monitor.
4436,Removed session 135.
4468,New session 137 of user monitor.
4474,Removed session 137.
4489,New session 139 of user monitor.
4495,Removed session 139.
4504,New session 140 of user monitor.
4510,Removed session 140.
4532,New session 143 of user monitor.
4538,Removed session 143.
4547,New session 144 of user monitor.
4553,Removed session 144.
4593,New session 147 of user monitor.
4599,Removed session 147.
4621,New session 150 of user monitor.
4627,Removed session 150.
4634,New session 151 of user monitor.
4640,Removed session 151.
4669,New session 155 of user monitor.
4675,Removed session 155.
4683,New session 156 of user monitor.
4689,Removed session 156.
4721,New session 158 of user monitor.
4727,Removed session 158.
4742,New session 160 of user monitor.
4748,Removed session 160.
4763,New session 162 of user monitor.
4769,Removed session 162.
4793,New session 165 of user monitor.
4799,Removed session 165.
4807,New session 166 of user monitor.
4813,Removed session 166.
4829,New session 168 of user monitor.
4835,Removed session 168.
4868,New session 170 of user monitor.
4874,Removed session 170.
4889,New session 172 of user monitor.
4895,Removed session 172.
4910,New session 174 of user monitor.
4916,Removed session 174.
4937,New session 177 of user monitor.
4943,Removed session 177.
4958,New session 179 of user monitor.
4964,Removed session 179.
4997,New session 181 of user monitor.
5003,Removed session 181.
5017,New session 183 of user monitor.
5023,Removed session 183.
5040,New session 185 of user monitor.
5046,Removed session 185.
5061,New session 187 of user monitor.
5067,Removed session 187.
5082,New session 189 of user monitor.
5088,Removed session 189.
5122,New session 191 of user monitor.
5128,Removed session 191.
5143,New session 193 of user monitor.
5149,Removed session 193.
5157,New session 194 of user monitor.
5163,Removed session 194.
5191,New session 198 of user monitor.
5197,Removed session 198.
5212,New session 200 of user monitor.
5218,Removed session 200.
5250,New session 202 of user monitor.
5256,Removed session 202.
5271,New session 204 of user monitor.
5277,Removed session 204.
5286,New session 205 of user monitor.
5292,Removed session 205.
5313,New session 208 of user monitor.
5319,Removed session 208.
5335,New session 210 of user monitor.
5341,Removed session 210.
5374,New session 212 of user monitor.
5380,Removed session 212.
5396,New session 214 of user monitor.
5402,Removed session 214.
5412,New session 215 of user monitor.
5418,Removed session 215.
5446,New session 219 of user monitor.
5452,Removed session 219.
5470,New session 221 of user monitor.
5476,Removed session 221.
5508,New session 223 of user monitor.
5514,Removed session 223.
5529,New session 225 of user monitor.
5535,Removed session 225.
5545,New session 226 of user monitor.
5551,Removed session 226.
5574,New session 229 of user monitor.
5580,Removed session 229.
5588,New session 230 of user monitor.
5594,Removed session 230.
5627,New session 232 of user monitor.
5633,Removed session 232.
5655,New session 235 of user monitor.
5661,Removed session 235.
5669,New session 236 of user monitor.
5675,Removed session 236.
5703,New session 240 of user monitor.
5709,Removed session 240.
5717,New session 241 of user monitor.
5723,Removed session 241.
5755,New session 243 of user monitor.
5761,Removed session 243.
5783,New session 246 of user monitor.
5789,Removed session 246.
5796,New session 247 of user monitor.
5802,Removed session 247.
5827,New session 250 of user monitor.
5833,Removed session 250.
5842,New session 251 of user monitor.
5848,Removed session 251.
5880,New session 253 of user monitor.
5886,Removed session 253.
5908,New session 256 of user monitor.
5914,Removed session 256.
5929,New session 258 of user monitor.
5935,Removed session 258.
